BoekInfo;936667353;Achter gesloten deuren;B.A. Paris;
PrentenboekInfo;320006023;Toen de zee stil was;Annelies Beck;Karolien Raeymaekers
BoekInfo;559933538;Casa ibiza;Linda van Rijn;
BoekInfo;969209549;De 100-jarige man die terugkwam om de wereld te redden;Jonas Jonasson;
BoekInfo;238673473;De buitenjongen;Paolo Cognetti;
BoekInfo;444159262;De buitenstaander;Stephen King;
BoekInfo;377490127;De geniale vriendin;Elena Ferrante;
BoekInfo;236789770;De Gorgels;Jochem Myjer;
PrentenboekInfo;999888777;Okke, Nootje en Doppejan;Elsa Beskow;Elsa Beskow;
BoekInfo;819172709;De heilige Rita;Tommy Wieringa;
BoekInfo;550942608;De jongen in de sneeuw;Samuel Bjork;
BoekInfo;596048836;De logica van geluk;Mo Gawdat;
PrentenboekInfo;777888999;Het huis van meneer Peter;Elsa Beskow;Elsa Beskow;
BoekInfo;797316131;De ommegang;Jan van Aken;
BoekInfo;228671283;De reuzenperzik;Roald Dahl;
BoekInfo;692841511;De tatoeëerder van Auschwitz;Heather Morris;
BoekInfo;634516158;De waanzinnige boomhut van 13 verdiepingen;Andy Griffiths;
BoekInfo;582121185;De winter voorbij;Isabel Allende;
BoekInfo;251577090;Het goede leven;Annegreet van Bergen;
BoekInfo;774527675;Het meisje in het ijs;Robert Bryndza;
BoekInfo;858328451;Het schaduwspel;Simone van der Vlugt;
BoekInfo;869516711;Iene Miene Mutte;M.J. Arlidge;
BoekInfo;878590631;IJskoud;Suzanne Vermeer;
BoekInfo;857925272;Ik reis alleen;Samuel Bjørk;
BoekInfo;685854864;Ik zie je op het strand;Jill Mansell;
BoekInfo;711067880;Ikigai;Héctor García;
BoekInfo;430234910;Jamie kookt Italië;Jamie Oliver;
BoekInfo;736202159;Lampje;Annet Schaap;
PrentenboekInfo;356711474;Over een kleine mol die wil weten wie er op zijn kop gepoept heeft;Werner Holzwarth;Wolf Erlbruch
PrentenboekInfo;532743514;Raad eens hoeveel ik van je hou;Sam McBratney;Sam McBratney
BoekInfo;766318778;Liefdeskriebels;Rachel Renée Russell;
BoekInfo;450113553;Macbeth;Jo Nesbo;
BoekInfo;457903365;Nice girls don't get the corner office;Lois P. Frankel;
BoekInfo;107391952;Over het kanaal;Annelies Beck;
BoekInfo;290761928;President vermist;Bill Clinton;
BoekInfo;531271803;Ragdoll;Daniel Cole;
BoekInfo;777681125;Rico;Leon Verdonschot;
BoekInfo;783222414;Rinkeldekink;Martine Bijl;
BoekInfo;653990791;Winternacht;Suzanne Vermeer;
BoekInfo;535758773;Zeezicht;Linda van Rijn;
BoekInfo;981395309;Zes denkhoeken;Edward de Bono;
BoekInfo;908567757;Zoals een mens denkt;James Allen;
PrentenboekInfo;364991117;Gedachten denken;Annelies Beck;Hanneke Siemensma
PrentenboekInfo;401755672;Kikker vindt een vriendje;Max Velthuijs;Max Velthuijs
PrentenboekInfo;954134057;Kleine Koen in de tuin;Elsa Beskow;Elsa Beskow
BoekInfo;854035300;Stormschade;Youp van 't Hek;
BoekInfo;707946153;Tsjaikovskistraat 40;Pieter Waterdrinker;
BoekInfo;488397858;Voor het eerst;Herman van Veen;
BoekInfo;743995811;Wim Kieft;Michel van Egmond;
PrentenboekInfo;901981774;Ssst! De tijger slaapt!;Britta Teckentrup;Britta Teckentrup
